"id","wbs","name","description","ct_id","pm_id","created_at","updated_at"
1,"3zucv68i",iw7rx1jb2e,Sed labore totam tenetur aut illo magni nesciunt nisi. Voluptatibus pariatur autem sunt sed dignissimos inventore quibusdam quo. Cumque ab magnam rerum non dolorum rem dolores natus.,10,5,2019-09-23 15:03:59,2019-09-23 15:03:59
2,opx7ng53,temxd85uwc,Libero vitae quia architecto non atque. Natus dolorem fuga nihil facilis. Occaecati sit est maiores cumque. Nobis autem laborum eligendi explicabo cupiditate veniam.,15,5,2019-09-23 15:03:59,2019-09-23 15:03:59
3,k0e9orqz,"5h7x9iyfwt",Praesentium facere cupiditate eum nihil quisquam id. Omnis facere et illo rerum molestiae. Ratione aut nulla et explicabo dicta rem facilis eum.,13,6,2019-09-23 15:03:59,2019-09-23 15:03:59
4,g8tobcfr,b0oju52yes,Vel ex quibusdam quas culpa qui. Dolorum illo expedita nihil quidem. Esse ex est fuga amet est facere eligendi ullam. Quibusdam alias facere aut occaecati officiis enim. Nulla et reprehenderit debitis hic suscipit est dolore.,12,1,2019-09-23 15:03:59,2019-09-23 15:03:59
5,nvsyzc7a,"6pdk7sviqw",Quibusdam deleniti omnis eos temporibus pariatur qui ut. Sit adipisci minus nostrum inventore et animi ullam ea. Quos quod quaerat velit error tenetur. Molestias consequuntur ut iure ipsa aut aliquid sit nam.,12,4,2019-09-23 15:03:59,2019-09-23 15:03:59
6,"1az9rih0",w2xgsvkue6,Sint iure eligendi voluptate ipsam et corrupti dolores. Blanditiis animi minima et quo quidem fugiat. Enim in similique eum et. Esse tenetur non dolores officiis iste odio soluta. Eos dignissimos sed sit consequatur est fuga.,6,5,2019-09-23 15:03:59,2019-09-23 15:03:59
7,zt9ancgf,ocpgbkdy0x,Maxime voluptates eius rerum enim non. Facilis laudantium vitae laborum mollitia quod eum vel iusto. Non soluta saepe ex dolores sed quidem nihil harum. Repellendus non nisi velit quia animi.,2,12,2019-09-23 15:03:59,2019-09-23 15:03:59
8,lg710ywv,orljm1nibe,Nihil tenetur odio aut veritatis. Eos repellendus excepturi error eaque autem ducimus enim. Dolores exercitationem itaque repellendus aut.,20,9,2019-09-23 15:03:59,2019-09-23 15:03:59
9,ytaired5,"508aohzxnk",Deserunt voluptatem ab optio laudantium provident enim. Rerum et hic est porro. Maxime a illo voluptas fuga. Quas maiores qui quia magni.,20,8,2019-09-23 15:03:59,2019-09-23 15:03:59
10,qsxugkyr,grz2b9uye4,Atque perspiciatis quo sint autem. Et officia ratione distinctio a velit adipisci et expedita. Qui id quos dicta sunt voluptatum recusandae veritatis omnis. Nulla minus dolor et optio iste voluptates est ut.,19,3,2019-09-23 15:03:59,2019-09-23 15:03:59
11,"9lhuzj6a",gxlb9poch1,Nam ea odit quaerat non et velit. Ut voluptatum numquam officiis dolorem architecto et eum quisquam. A hic repellendus aut harum odit.,16,21,2019-09-23 15:03:59,2019-09-23 15:03:59
12,mo8v57d6,gqbn3z2fui,Quam fugit in suscipit et est. Ipsum tempore iure est impedit ut sit. Totam esse quo nam ratione et et.,25,10,2019-09-23 15:03:59,2019-09-23 15:03:59
13,kc9zldgo,"43q79khv5l",Nihil est rerum vel sit. Ut fugiat non magnam illo asperiores nemo. Mollitia aspernatur nisi quisquam dolores autem voluptate numquam.,13,7,2019-09-23 15:03:59,2019-09-23 15:03:59
14,z83i9nvx,u2trx79qfs,Adipisci ut voluptatum error omnis impedit natus commodi. Eligendi aut ea qui totam. Qui libero dolores atque aliquid dignissimos. Debitis atque officiis qui beatae quod dolores. Odit molestias velit reiciendis asperiores qui vitae eaque.,10,19,2019-09-23 15:03:59,2019-09-23 15:03:59
15,"70rlu5id",jy0nx6tl91,Cupiditate quis dignissimos rerum impedit repellendus qui. Inventore maxime illum id at in occaecati. Similique occaecati maxime facilis odit pariatur expedita.,10,19,2019-09-23 15:03:59,2019-09-23 15:03:59
16,y5x2lmrk,k5jogvtp8f,Neque facilis sunt eaque voluptatem ab. Quaerat quos dolorem quis ex dicta qui. Officiis voluptatem tenetur et totam. Temporibus voluptatem unde a quibusdam voluptatibus incidunt id nesciunt.,6,12,2019-09-23 15:03:59,2019-09-23 15:03:59
17,"52l1wubm","6gyianp2t5",Nihil et modi eos dolorum est officiis omnis. Recusandae minima aut quos odio placeat beatae. Non aut aut autem occaecati et dicta aut est. Non nisi error quibusdam et.,9,19,2019-09-23 15:03:59,2019-09-23 15:03:59
18,ywne3i6m,l1g7hmqjun,Eum illum est fugiat perspiciatis. Minus libero quod est et mollitia cumque distinctio modi. Veniam nam animi id praesentium commodi fugiat aut hic.,9,11,2019-09-23 15:03:59,2019-09-23 15:03:59
19,"5ymusowf","0qy1lhjfi6",Nisi sit odit sit delectus reiciendis. Sit nulla ut aut praesentium natus sint. Omnis suscipit debitis dolor eius iusto perspiciatis. Eos dolorum voluptatem neque quia quia minus dignissimos esse.,5,21,2019-09-23 15:03:59,2019-09-23 15:03:59
20,q8v16eya,d4jgtvobyx,Eum alias temporibus dolores sunt culpa fugiat. Repellat consequuntur id repellendus debitis nihil ratione non. Sint rem sequi animi quia sed voluptatum odio in. Corporis velit saepe eveniet blanditiis cumque fugit rerum facere.,16,5,2019-09-23 15:03:59,2019-09-23 15:03:59
